{
  "model": {
    "variables": [
      {
        "id": "v_1",
        "name": "v_1",
        "annotation": "",
        "update_fn": "f(v_3)"
      },
      {
        "id": "v_2",
        "name": "v_2",
        "annotation": "",
        "update_fn": "g(v_1)"
      },
      {
        "id": "v_3",
        "name": "v_3",
        "annotation": "",
        "update_fn": "h(v_1, v_2) | v_3"
      }
    ],
    "regulations": [
      {
        "regulator": "v_1",
        "target": "v_2",
        "sign": "Unknown",
        "essential": "Unknown"
      },
      {
        "regulator": "v_1",
        "target": "v_3",
        "sign": "Activation",
        "essential": "True"
      },
      {
        "regulator": "v_2",
        "target": "v_3",
        "sign": "Unknown",
        "essential": "True"
      },
      {
        "regulator": "v_3",
        "target": "v_1",
        "sign": "Inhibition",
        "essential": "True"
      },
      {
        "regulator": "v_3",
        "target": "v_3",
        "sign": "Unknown",
        "essential": "Unknown"
      }
    ],
    "uninterpreted_fns": [
      {
        "id": "f",
        "name": "fn_1",
        "annotation": "",
        "arguments": [
          [
            "Unknown",
            "Unknown"
          ]
        ],
        "expression": ""
      },
      {
        "id": "g",
        "name": "fn_1",
        "annotation": "",
        "arguments": [
          [
            "Unknown",
            "Unknown"
          ]
        ],
        "expression": ""
      },
      {
        "id": "h",
        "name": "fn_2",
        "annotation": "",
        "arguments": [
          [
            "Unknown",
            "Unknown"
          ],
          [
            "Unknown",
            "Unknown"
          ]
        ],
        "expression": ""
      }
    ],
    "layouts": [
      {
        "id": "default",
        "name": "default",
        "nodes": [
          {
            "layout": "default",
            "variable": "v_2",
            "px": 503.0,
            "py": 269.6
          },
          {
            "layout": "default",
            "variable": "v_3",
            "px": 532.0,
            "py": 109.6
          },
          {
            "layout": "default",
            "variable": "v_1",
            "px": 344.0,
            "py": 190.6
          }
        ]
      }
    ]
  },
  "datasets": [],
  "dyn_properties": [
    {
      "id": "data_2",
      "name": "Generic dynamic property",
      "annotation": "",
      "variant": "GenericDynProp",
      "formula": "3{y}:@{y}: v_1 & v_2 & ~v_3 & AG EF {y}"
    },
    {
      "id": "data_1",
      "name": "Generic dynamic property",
      "annotation": "",
      "variant": "GenericDynProp",
      "formula": "3{x}:@{x}: ~v_1 & ~v_2 & v_3 & AG EF {x}"
    },
    {
      "id": "prior_knowledge",
      "name": "Generic dynamic property",
      "annotation": "",
      "variant": "GenericDynProp",
      "formula": "3{a}: (3{b}: (3{c}: (@{c}: ((EF {a}) & (EF {b}) & (@{a}: AG EF {a}) & (@{b}: (AG EF {b} & ~EF {a}))))))"
    }
  ],
  "stat_properties": [
    {
      "id": "essentiality_v_2_v_3",
      "name": "Regulation essentiality property",
      "annotation": "",
      "variant": "RegulationEssential",
      "input": "v_2",
      "target": "v_3",
      "value": "True",
      "context": null
    },
    {
      "id": "essentiality_v_3_v_1",
      "name": "Regulation essentiality property",
      "annotation": "",
      "variant": "RegulationEssential",
      "input": "v_3",
      "target": "v_1",
      "value": "True",
      "context": null
    },
    {
      "id": "monotonicity_v_1_v_3",
      "name": "Regulation monotonicity property",
      "annotation": "",
      "variant": "RegulationMonotonic",
      "input": "v_1",
      "target": "v_3",
      "value": "Activation",
      "context": null
    },
    {
      "id": "essentiality_v_1_v_3",
      "name": "Regulation essentiality property",
      "annotation": "",
      "variant": "RegulationEssential",
      "input": "v_1",
      "target": "v_3",
      "value": "True",
      "context": null
    },
    {
      "id": "monotonicity_v_3_v_1",
      "name": "Regulation monotonicity property",
      "annotation": "",
      "variant": "RegulationMonotonic",
      "input": "v_3",
      "target": "v_1",
      "value": "Inhibition",
      "context": null
    }
  ],
  "annotation": ""
}