{
  "model": {
    "variables": [
      {
        "id": "CEBPa",
        "name": "CEBPa",
        "annotation": "",
        "update_fn": ""
      },
      {
        "id": "EKLF",
        "name": "EKLF",
        "annotation": "",
        "update_fn": ""
      },
      {
        "id": "EgrNab",
        "name": "EgrNab",
        "annotation": "",
        "update_fn": ""
      },
      {
        "id": "FOG1",
        "name": "FOG1",
        "annotation": "",
        "update_fn": ""
      },
      {
        "id": "Fli1",
        "name": "Fli1",
        "annotation": "",
        "update_fn": ""
      },
      {
        "id": "GATA1",
        "name": "GATA1",
        "annotation": "",
        "update_fn": ""
      },
      {
        "id": "GATA2",
        "name": "GATA2",
        "annotation": "",
        "update_fn": ""
      },
      {
        "id": "Gfi1",
        "name": "Gfi1",
        "annotation": "",
        "update_fn": ""
      },
      {
        "id": "PU1",
        "name": "PU1",
        "annotation": "",
        "update_fn": ""
      },
      {
        "id": "SCL",
        "name": "SCL",
        "annotation": "",
        "update_fn": ""
      },
      {
        "id": "cjun",
        "name": "cjun",
        "annotation": "",
        "update_fn": ""
      }
    ],
    "regulations": [
      {
        "regulator": "CEBPa",
        "target": "CEBPa",
        "sign": "Activation",
        "essential": "True"
      },
      {
        "regulator": "CEBPa",
        "target": "Gfi1",
        "sign": "Activation",
        "essential": "True"
      },
      {
        "regulator": "CEBPa",
        "target": "PU1",
        "sign": "Activation",
        "essential": "True"
      },
      {
        "regulator": "EKLF",
        "target": "Fli1",
        "sign": "Inhibition",
        "essential": "True"
      },
      {
        "regulator": "EgrNab",
        "target": "Gfi1",
        "sign": "Inhibition",
        "essential": "True"
      },
      {
        "regulator": "FOG1",
        "target": "CEBPa",
        "sign": "Inhibition",
        "essential": "True"
      },
      {
        "regulator": "FOG1",
        "target": "GATA2",
        "sign": "Inhibition",
        "essential": "True"
      },
      {
        "regulator": "Fli1",
        "target": "EKLF",
        "sign": "Inhibition",
        "essential": "True"
      },
      {
        "regulator": "Fli1",
        "target": "GATA1",
        "sign": "Activation",
        "essential": "True"
      },
      {
        "regulator": "GATA1",
        "target": "CEBPa",
        "sign": "Inhibition",
        "essential": "True"
      },
      {
        "regulator": "GATA1",
        "target": "EKLF",
        "sign": "Activation",
        "essential": "True"
      },
      {
        "regulator": "GATA1",
        "target": "FOG1",
        "sign": "Activation",
        "essential": "True"
      },
      {
        "regulator": "GATA1",
        "target": "Fli1",
        "sign": "Activation",
        "essential": "True"
      },
      {
        "regulator": "GATA1",
        "target": "GATA1",
        "sign": "Activation",
        "essential": "True"
      },
      {
        "regulator": "GATA1",
        "target": "GATA2",
        "sign": "Inhibition",
        "essential": "True"
      },
      {
        "regulator": "GATA1",
        "target": "PU1",
        "sign": "Inhibition",
        "essential": "True"
      },
      {
        "regulator": "GATA1",
        "target": "SCL",
        "sign": "Activation",
        "essential": "True"
      },
      {
        "regulator": "GATA2",
        "target": "GATA1",
        "sign": "Activation",
        "essential": "True"
      },
      {
        "regulator": "GATA2",
        "target": "GATA2",
        "sign": "Activation",
        "essential": "True"
      },
      {
        "regulator": "GATA2",
        "target": "PU1",
        "sign": "Inhibition",
        "essential": "True"
      },
      {
        "regulator": "Gfi1",
        "target": "EgrNab",
        "sign": "Inhibition",
        "essential": "True"
      },
      {
        "regulator": "Gfi1",
        "target": "cjun",
        "sign": "Inhibition",
        "essential": "True"
      },
      {
        "regulator": "PU1",
        "target": "EgrNab",
        "sign": "Activation",
        "essential": "True"
      },
      {
        "regulator": "PU1",
        "target": "GATA1",
        "sign": "Inhibition",
        "essential": "True"
      },
      {
        "regulator": "PU1",
        "target": "GATA2",
        "sign": "Inhibition",
        "essential": "True"
      },
      {
        "regulator": "PU1",
        "target": "PU1",
        "sign": "Activation",
        "essential": "True"
      },
      {
        "regulator": "PU1",
        "target": "SCL",
        "sign": "Inhibition",
        "essential": "True"
      },
      {
        "regulator": "PU1",
        "target": "cjun",
        "sign": "Activation",
        "essential": "True"
      },
      {
        "regulator": "SCL",
        "target": "CEBPa",
        "sign": "Inhibition",
        "essential": "True"
      },
      {
        "regulator": "cjun",
        "target": "EgrNab",
        "sign": "Activation",
        "essential": "True"
      }
    ],
    "uninterpreted_fns": [],
    "layouts": [
      {
        "id": "default",
        "name": "default",
        "nodes": [
          {
            "layout": "default",
            "variable": "Fli1",
            "px": 331.15344,
            "py": -67.76327
          },
          {
            "layout": "default",
            "variable": "cjun",
            "px": -169.24475,
            "py": -149.82033
          },
          {
            "layout": "default",
            "variable": "FOG1",
            "px": 150.46284,
            "py": -259.55215
          },
          {
            "layout": "default",
            "variable": "PU1",
            "px": 31.361515,
            "py": -79.4219
          },
          {
            "layout": "default",
            "variable": "Gfi1",
            "px": -81.611046,
            "py": -281.53668
          },
          {
            "layout": "default",
            "variable": "SCL",
            "px": 80.84242,
            "py": -151.98013
          },
          {
            "layout": "default",
            "variable": "EKLF",
            "px": 325.92612,
            "py": -226.8565
          },
          {
            "layout": "default",
            "variable": "CEBPa",
            "px": 27.443956,
            "py": -216.9239
          },
          {
            "layout": "default",
            "variable": "EgrNab",
            "px": -81.09596,
            "py": -40.79018
          },
          {
            "layout": "default",
            "variable": "GATA2",
            "px": 152.53964,
            "py": -12.283747
          },
          {
            "layout": "default",
            "variable": "GATA1",
            "px": 232.30206,
            "py": -149.9392
          }
        ]
      }
    ]
  },
  "datasets": [
    {
      "name": "mono",
      "id": "dataset_4",
      "annotation": "",
      "observations": [
        {
          "id": "Progenitor",
          "name": "Progenitor",
          "annotation": "",
          "dataset": "dataset_4",
          "values": "10000011000"
        },
        {
          "id": "Monocyte",
          "name": "Monocyte",
          "annotation": "",
          "dataset": "dataset_4",
          "values": "00000011110"
        }
      ],
      "variables": [
        "GATA2",
        "GATA1",
        "FOG1",
        "EKLF",
        "Fli1",
        "SCL",
        "CEBPa",
        "PU1",
        "cjun",
        "EgrNab",
        "Gfi1"
      ]
    },
    {
      "name": "megakaryo",
      "id": "dataset_3",
      "annotation": "",
      "observations": [
        {
          "id": "Progenitor",
          "name": "Progenitor",
          "annotation": "",
          "dataset": "dataset_3",
          "values": "10000011000"
        },
        {
          "id": "Megakaryocyte",
          "name": "Megakaryocyte",
          "annotation": "",
          "dataset": "dataset_3",
          "values": "11101100000"
        }
      ],
      "variables": [
        "GATA2",
        "GATA1",
        "FOG1",
        "EKLF",
        "Fli1",
        "SCL",
        "CEBPa",
        "PU1",
        "cjun",
        "EgrNab",
        "Gfi1"
      ]
    },
    {
      "name": "attractors",
      "id": "dataset_1",
      "annotation": "",
      "observations": [
        {
          "id": "Erythrocyte",
          "name": "Erythrocyte",
          "annotation": "",
          "dataset": "dataset_1",
          "values": "01110100000"
        },
        {
          "id": "Megakaryocyte",
          "name": "Megakaryocyte",
          "annotation": "",
          "dataset": "dataset_1",
          "values": "11101100000"
        },
        {
          "id": "Monocyte",
          "name": "Monocyte",
          "annotation": "",
          "dataset": "dataset_1",
          "values": "00000011110"
        },
        {
          "id": "Granulocyte",
          "name": "Granulocyte",
          "annotation": "",
          "dataset": "dataset_1",
          "values": "00000011001"
        }
      ],
      "variables": [
        "GATA2",
        "GATA1",
        "FOG1",
        "EKLF",
        "Fli1",
        "SCL",
        "CEBPa",
        "PU1",
        "cjun",
        "EgrNab",
        "Gfi1"
      ]
    },
    {
      "name": "erythro",
      "id": "dataset_2",
      "annotation": "",
      "observations": [
        {
          "id": "Progenitor",
          "name": "Progenitor",
          "annotation": "",
          "dataset": "dataset_2",
          "values": "10000011000"
        },
        {
          "id": "Erythrocyte",
          "name": "Erythrocyte",
          "annotation": "",
          "dataset": "dataset_2",
          "values": "01110100000"
        }
      ],
      "variables": [
        "GATA2",
        "GATA1",
        "FOG1",
        "EKLF",
        "Fli1",
        "SCL",
        "CEBPa",
        "PU1",
        "cjun",
        "EgrNab",
        "Gfi1"
      ]
    },
    {
      "name": "granulo",
      "id": "dataset_5",
      "annotation": "",
      "observations": [
        {
          "id": "Progenitor",
          "name": "Progenitor",
          "annotation": "",
          "dataset": "dataset_5",
          "values": "10000011000"
        },
        {
          "id": "Granulocyte",
          "name": "Granulocyte",
          "annotation": "",
          "dataset": "dataset_5",
          "values": "00000011001"
        }
      ],
      "variables": [
        "GATA2",
        "GATA1",
        "FOG1",
        "EKLF",
        "Fli1",
        "SCL",
        "CEBPa",
        "PU1",
        "cjun",
        "EgrNab",
        "Gfi1"
      ]
    }
  ],
  "dyn_properties": [
    {
      "id": "dynamic_2",
      "name": "Trajectory existence",
      "annotation": "",
      "variant": "ExistsTrajectory",
      "dataset": "dataset_2"
    },
    {
      "id": "dynamic_1",
      "name": "Fixed point existence",
      "annotation": "",
      "variant": "ExistsFixedPoint",
      "dataset": "dataset_1",
      "observation": null
    },
    {
      "id": "dynamic_4",
      "name": "Trajectory existence",
      "annotation": "",
      "variant": "ExistsTrajectory",
      "dataset": "dataset_4"
    },
    {
      "id": "dynamic_5",
      "name": "Trajectory existence",
      "annotation": "",
      "variant": "ExistsTrajectory",
      "dataset": "dataset_5"
    },
    {
      "id": "dynamic_3",
      "name": "Trajectory existence",
      "annotation": "",
      "variant": "ExistsTrajectory",
      "dataset": "dataset_3"
    }
  ],
  "stat_properties": [
    {
      "id": "essentiality_GATA1_GATA1",
      "name": "Regulation essentiality (generated)",
      "annotation": "",
      "variant": "RegulationEssential",
      "input": "GATA1",
      "target": "GATA1",
      "value": "True",
      "context": null
    },
    {
      "id": "essentiality_Fli1_GATA1",
      "name": "Regulation essentiality (generated)",
      "annotation": "",
      "variant": "RegulationEssential",
      "input": "Fli1",
      "target": "GATA1",
      "value": "True",
      "context": null
    },
    {
      "id": "monotonicity_PU1_cjun",
      "name": "Regulation monotonicity (generated)",
      "annotation": "",
      "variant": "RegulationMonotonic",
      "input": "PU1",
      "target": "cjun",
      "value": "Activation",
      "context": null
    },
    {
      "id": "essentiality_PU1_EgrNab",
      "name": "Regulation essentiality (generated)",
      "annotation": "",
      "variant": "RegulationEssential",
      "input": "PU1",
      "target": "EgrNab",
      "value": "True",
      "context": null
    },
    {
      "id": "monotonicity_Gfi1_cjun",
      "name": "Regulation monotonicity (generated)",
      "annotation": "",
      "variant": "RegulationMonotonic",
      "input": "Gfi1",
      "target": "cjun",
      "value": "Inhibition",
      "context": null
    },
    {
      "id": "monotonicity_GATA1_GATA2",
      "name": "Regulation monotonicity (generated)",
      "annotation": "",
      "variant": "RegulationMonotonic",
      "input": "GATA1",
      "target": "GATA2",
      "value": "Inhibition",
      "context": null
    },
    {
      "id": "monotonicity_EgrNab_Gfi1",
      "name": "Regulation monotonicity (generated)",
      "annotation": "",
      "variant": "RegulationMonotonic",
      "input": "EgrNab",
      "target": "Gfi1",
      "value": "Inhibition",
      "context": null
    },
    {
      "id": "monotonicity_GATA2_PU1",
      "name": "Regulation monotonicity (generated)",
      "annotation": "",
      "variant": "RegulationMonotonic",
      "input": "GATA2",
      "target": "PU1",
      "value": "Inhibition",
      "context": null
    },
    {
      "id": "essentiality_GATA1_PU1",
      "name": "Regulation essentiality (generated)",
      "annotation": "",
      "variant": "RegulationEssential",
      "input": "GATA1",
      "target": "PU1",
      "value": "True",
      "context": null
    },
    {
      "id": "monotonicity_PU1_SCL",
      "name": "Regulation monotonicity (generated)",
      "annotation": "",
      "variant": "RegulationMonotonic",
      "input": "PU1",
      "target": "SCL",
      "value": "Inhibition",
      "context": null
    },
    {
      "id": "essentiality_EKLF_Fli1",
      "name": "Regulation essentiality (generated)",
      "annotation": "",
      "variant": "RegulationEssential",
      "input": "EKLF",
      "target": "Fli1",
      "value": "True",
      "context": null
    },
    {
      "id": "essentiality_PU1_GATA1",
      "name": "Regulation essentiality (generated)",
      "annotation": "",
      "variant": "RegulationEssential",
      "input": "PU1",
      "target": "GATA1",
      "value": "True",
      "context": null
    },
    {
      "id": "monotonicity_PU1_GATA2",
      "name": "Regulation monotonicity (generated)",
      "annotation": "",
      "variant": "RegulationMonotonic",
      "input": "PU1",
      "target": "GATA2",
      "value": "Inhibition",
      "context": null
    },
    {
      "id": "monotonicity_GATA1_CEBPa",
      "name": "Regulation monotonicity (generated)",
      "annotation": "",
      "variant": "RegulationMonotonic",
      "input": "GATA1",
      "target": "CEBPa",
      "value": "Inhibition",
      "context": null
    },
    {
      "id": "essentiality_PU1_SCL",
      "name": "Regulation essentiality (generated)",
      "annotation": "",
      "variant": "RegulationEssential",
      "input": "PU1",
      "target": "SCL",
      "value": "True",
      "context": null
    },
    {
      "id": "monotonicity_EKLF_Fli1",
      "name": "Regulation monotonicity (generated)",
      "annotation": "",
      "variant": "RegulationMonotonic",
      "input": "EKLF",
      "target": "Fli1",
      "value": "Inhibition",
      "context": null
    },
    {
      "id": "essentiality_Fli1_EKLF",
      "name": "Regulation essentiality (generated)",
      "annotation": "",
      "variant": "RegulationEssential",
      "input": "Fli1",
      "target": "EKLF",
      "value": "True",
      "context": null
    },
    {
      "id": "monotonicity_GATA1_Fli1",
      "name": "Regulation monotonicity (generated)",
      "annotation": "",
      "variant": "RegulationMonotonic",
      "input": "GATA1",
      "target": "Fli1",
      "value": "Activation",
      "context": null
    },
    {
      "id": "monotonicity_PU1_GATA1",
      "name": "Regulation monotonicity (generated)",
      "annotation": "",
      "variant": "RegulationMonotonic",
      "input": "PU1",
      "target": "GATA1",
      "value": "Inhibition",
      "context": null
    },
    {
      "id": "essentiality_SCL_CEBPa",
      "name": "Regulation essentiality (generated)",
      "annotation": "",
      "variant": "RegulationEssential",
      "input": "SCL",
      "target": "CEBPa",
      "value": "True",
      "context": null
    },
    {
      "id": "essentiality_cjun_EgrNab",
      "name": "Regulation essentiality (generated)",
      "annotation": "",
      "variant": "RegulationEssential",
      "input": "cjun",
      "target": "EgrNab",
      "value": "True",
      "context": null
    },
    {
      "id": "monotonicity_Fli1_GATA1",
      "name": "Regulation monotonicity (generated)",
      "annotation": "",
      "variant": "RegulationMonotonic",
      "input": "Fli1",
      "target": "GATA1",
      "value": "Activation",
      "context": null
    },
    {
      "id": "monotonicity_PU1_PU1",
      "name": "Regulation monotonicity (generated)",
      "annotation": "",
      "variant": "RegulationMonotonic",
      "input": "PU1",
      "target": "PU1",
      "value": "Activation",
      "context": null
    },
    {
      "id": "monotonicity_SCL_CEBPa",
      "name": "Regulation monotonicity (generated)",
      "annotation": "",
      "variant": "RegulationMonotonic",
      "input": "SCL",
      "target": "CEBPa",
      "value": "Inhibition",
      "context": null
    },
    {
      "id": "monotonicity_PU1_EgrNab",
      "name": "Regulation monotonicity (generated)",
      "annotation": "",
      "variant": "RegulationMonotonic",
      "input": "PU1",
      "target": "EgrNab",
      "value": "Activation",
      "context": null
    },
    {
      "id": "monotonicity_FOG1_CEBPa",
      "name": "Regulation monotonicity (generated)",
      "annotation": "",
      "variant": "RegulationMonotonic",
      "input": "FOG1",
      "target": "CEBPa",
      "value": "Inhibition",
      "context": null
    },
    {
      "id": "monotonicity_GATA2_GATA1",
      "name": "Regulation monotonicity (generated)",
      "annotation": "",
      "variant": "RegulationMonotonic",
      "input": "GATA2",
      "target": "GATA1",
      "value": "Activation",
      "context": null
    },
    {
      "id": "monotonicity_GATA1_PU1",
      "name": "Regulation monotonicity (generated)",
      "annotation": "",
      "variant": "RegulationMonotonic",
      "input": "GATA1",
      "target": "PU1",
      "value": "Inhibition",
      "context": null
    },
    {
      "id": "essentiality_FOG1_CEBPa",
      "name": "Regulation essentiality (generated)",
      "annotation": "",
      "variant": "RegulationEssential",
      "input": "FOG1",
      "target": "CEBPa",
      "value": "True",
      "context": null
    },
    {
      "id": "monotonicity_CEBPa_PU1",
      "name": "Regulation monotonicity (generated)",
      "annotation": "",
      "variant": "RegulationMonotonic",
      "input": "CEBPa",
      "target": "PU1",
      "value": "Activation",
      "context": null
    },
    {
      "id": "essentiality_Gfi1_cjun",
      "name": "Regulation essentiality (generated)",
      "annotation": "",
      "variant": "RegulationEssential",
      "input": "Gfi1",
      "target": "cjun",
      "value": "True",
      "context": null
    },
    {
      "id": "essentiality_GATA1_EKLF",
      "name": "Regulation essentiality (generated)",
      "annotation": "",
      "variant": "RegulationEssential",
      "input": "GATA1",
      "target": "EKLF",
      "value": "True",
      "context": null
    },
    {
      "id": "essentiality_GATA1_FOG1",
      "name": "Regulation essentiality (generated)",
      "annotation": "",
      "variant": "RegulationEssential",
      "input": "GATA1",
      "target": "FOG1",
      "value": "True",
      "context": null
    },
    {
      "id": "monotonicity_cjun_EgrNab",
      "name": "Regulation monotonicity (generated)",
      "annotation": "",
      "variant": "RegulationMonotonic",
      "input": "cjun",
      "target": "EgrNab",
      "value": "Activation",
      "context": null
    },
    {
      "id": "monotonicity_CEBPa_Gfi1",
      "name": "Regulation monotonicity (generated)",
      "annotation": "",
      "variant": "RegulationMonotonic",
      "input": "CEBPa",
      "target": "Gfi1",
      "value": "Activation",
      "context": null
    },
    {
      "id": "essentiality_GATA1_SCL",
      "name": "Regulation essentiality (generated)",
      "annotation": "",
      "variant": "RegulationEssential",
      "input": "GATA1",
      "target": "SCL",
      "value": "True",
      "context": null
    },
    {
      "id": "essentiality_GATA2_GATA1",
      "name": "Regulation essentiality (generated)",
      "annotation": "",
      "variant": "RegulationEssential",
      "input": "GATA2",
      "target": "GATA1",
      "value": "True",
      "context": null
    },
    {
      "id": "essentiality_CEBPa_PU1",
      "name": "Regulation essentiality (generated)",
      "annotation": "",
      "variant": "RegulationEssential",
      "input": "CEBPa",
      "target": "PU1",
      "value": "True",
      "context": null
    },
    {
      "id": "monotonicity_GATA2_GATA2",
      "name": "Regulation monotonicity (generated)",
      "annotation": "",
      "variant": "RegulationMonotonic",
      "input": "GATA2",
      "target": "GATA2",
      "value": "Activation",
      "context": null
    },
    {
      "id": "monotonicity_GATA1_FOG1",
      "name": "Regulation monotonicity (generated)",
      "annotation": "",
      "variant": "RegulationMonotonic",
      "input": "GATA1",
      "target": "FOG1",
      "value": "Activation",
      "context": null
    },
    {
      "id": "essentiality_PU1_PU1",
      "name": "Regulation essentiality (generated)",
      "annotation": "",
      "variant": "RegulationEssential",
      "input": "PU1",
      "target": "PU1",
      "value": "True",
      "context": null
    },
    {
      "id": "essentiality_GATA1_GATA2",
      "name": "Regulation essentiality (generated)",
      "annotation": "",
      "variant": "RegulationEssential",
      "input": "GATA1",
      "target": "GATA2",
      "value": "True",
      "context": null
    },
    {
      "id": "essentiality_Gfi1_EgrNab",
      "name": "Regulation essentiality (generated)",
      "annotation": "",
      "variant": "RegulationEssential",
      "input": "Gfi1",
      "target": "EgrNab",
      "value": "True",
      "context": null
    },
    {
      "id": "monotonicity_GATA1_EKLF",
      "name": "Regulation monotonicity (generated)",
      "annotation": "",
      "variant": "RegulationMonotonic",
      "input": "GATA1",
      "target": "EKLF",
      "value": "Activation",
      "context": null
    },
    {
      "id": "monotonicity_Gfi1_EgrNab",
      "name": "Regulation monotonicity (generated)",
      "annotation": "",
      "variant": "RegulationMonotonic",
      "input": "Gfi1",
      "target": "EgrNab",
      "value": "Inhibition",
      "context": null
    },
    {
      "id": "monotonicity_Fli1_EKLF",
      "name": "Regulation monotonicity (generated)",
      "annotation": "",
      "variant": "RegulationMonotonic",
      "input": "Fli1",
      "target": "EKLF",
      "value": "Inhibition",
      "context": null
    },
    {
      "id": "monotonicity_GATA1_SCL",
      "name": "Regulation monotonicity (generated)",
      "annotation": "",
      "variant": "RegulationMonotonic",
      "input": "GATA1",
      "target": "SCL",
      "value": "Activation",
      "context": null
    },
    {
      "id": "essentiality_GATA1_Fli1",
      "name": "Regulation essentiality (generated)",
      "annotation": "",
      "variant": "RegulationEssential",
      "input": "GATA1",
      "target": "Fli1",
      "value": "True",
      "context": null
    },
    {
      "id": "monotonicity_FOG1_GATA2",
      "name": "Regulation monotonicity (generated)",
      "annotation": "",
      "variant": "RegulationMonotonic",
      "input": "FOG1",
      "target": "GATA2",
      "value": "Inhibition",
      "context": null
    },
    {
      "id": "essentiality_PU1_GATA2",
      "name": "Regulation essentiality (generated)",
      "annotation": "",
      "variant": "RegulationEssential",
      "input": "PU1",
      "target": "GATA2",
      "value": "True",
      "context": null
    },
    {
      "id": "essentiality_GATA1_CEBPa",
      "name": "Regulation essentiality (generated)",
      "annotation": "",
      "variant": "RegulationEssential",
      "input": "GATA1",
      "target": "CEBPa",
      "value": "True",
      "context": null
    },
    {
      "id": "essentiality_GATA2_PU1",
      "name": "Regulation essentiality (generated)",
      "annotation": "",
      "variant": "RegulationEssential",
      "input": "GATA2",
      "target": "PU1",
      "value": "True",
      "context": null
    },
    {
      "id": "essentiality_GATA2_GATA2",
      "name": "Regulation essentiality (generated)",
      "annotation": "",
      "variant": "RegulationEssential",
      "input": "GATA2",
      "target": "GATA2",
      "value": "True",
      "context": null
    },
    {
      "id": "essentiality_CEBPa_Gfi1",
      "name": "Regulation essentiality (generated)",
      "annotation": "",
      "variant": "RegulationEssential",
      "input": "CEBPa",
      "target": "Gfi1",
      "value": "True",
      "context": null
    },
    {
      "id": "monotonicity_GATA1_GATA1",
      "name": "Regulation monotonicity (generated)",
      "annotation": "",
      "variant": "RegulationMonotonic",
      "input": "GATA1",
      "target": "GATA1",
      "value": "Activation",
      "context": null
    },
    {
      "id": "essentiality_CEBPa_CEBPa",
      "name": "Regulation essentiality (generated)",
      "annotation": "",
      "variant": "RegulationEssential",
      "input": "CEBPa",
      "target": "CEBPa",
      "value": "True",
      "context": null
    },
    {
      "id": "essentiality_FOG1_GATA2",
      "name": "Regulation essentiality (generated)",
      "annotation": "",
      "variant": "RegulationEssential",
      "input": "FOG1",
      "target": "GATA2",
      "value": "True",
      "context": null
    },
    {
      "id": "essentiality_PU1_cjun",
      "name": "Regulation essentiality (generated)",
      "annotation": "",
      "variant": "RegulationEssential",
      "input": "PU1",
      "target": "cjun",
      "value": "True",
      "context": null
    },
    {
      "id": "essentiality_EgrNab_Gfi1",
      "name": "Regulation essentiality (generated)",
      "annotation": "",
      "variant": "RegulationEssential",
      "input": "EgrNab",
      "target": "Gfi1",
      "value": "True",
      "context": null
    },
    {
      "id": "monotonicity_CEBPa_CEBPa",
      "name": "Regulation monotonicity (generated)",
      "annotation": "",
      "variant": "RegulationMonotonic",
      "input": "CEBPa",
      "target": "CEBPa",
      "value": "Activation",
      "context": null
    }
  ],
  "annotation": ""
}